{"initial_reset_timestamp": 1597518592.57115, "timestamps": [1597518616.6501708], "episode_lengths": [500], "episode_rewards": [500.0], "episode_types": ["t"]}